DictionaryName,LocationName,ItemName,LocationArea,ItemSubType,SpoilerLocation,SpoilerItem,EntrancePair
Outset Island Arylls Birthday Gift,,Telescope,Outset Island,Item,Outset Island Arylls Birthday Gift,Telescope,
Outset Island Bring a Pig to Rose,,Red Rupee,Outset Island,Item,Outset Island Bring a Pig to Rose,Red Rupee,
Outset Island Underneath Links House,Underneath Link's House,Orange Rupee,Outset Island,Item,Outset Island Underneath Links House,Orange Rupee,
Outset Island Mesa the Grasscutters House,Mesa the Grasscutter's House,Red Rupee,Outset Island,Item,Outset Island Mesa the Grasscutters House,Red Rupee,
Outset Island Orca Tutorial,,Progressive Sword,Outset Island,Item,Outset Island Orca Tutorial,,
Outset Island Shield from Grandma,,Hero's Shield,Outset Island,Item,Outset Island Shield from Grandma,Hero's Shield,
Outset Island Orca Give 10 Knights Crests,Orca - Give 10 Knight's Crests,Hurricane Spin,Outset Island,Item,Outset Island Orca Give 10 Knights Crests,Hurricane Spin,
Outset Island Orca Hit 100 Times,,Purple Rupee,Outset Island,Item,Outset Island Orca Hit 100 Times,Purple Rupee,
Outset Island Orca Hit 300 Times,,Orange Rupee,Outset Island,Item,Outset Island Orca Hit 300 Times,Orange Rupee,
Outset Island Orca Hit 500 Times,Orca - Hit 500 Times,Piece of Heart,Outset Island,Item,Outset Island Orca Hit 500 Times,Piece of Heart,
Outset Island Orca Hit 999 Times,,Silver Rupee,Outset Island,Item,Outset Island Orca Hit 999 Times,Silver Rupee,
Outset Island Great Fairy,Outset Island Great Fairy,Progressive Wallet,Outset Island,Item,Outset Island Great Fairy,Progressive Wallet,
Outset Island Grandma Cured,,Elixir Soup,Outset Island,Item,Outset Island Grandma Cured,Elixir Soup,
Outset Island Jabuns Cave,Jabun's Cave,Nayru's Pearl,Outset Island,Item,Outset Island Jabuns Cave,Nayru's Pearl,
Outset Island Dig up Black Soil,Dig up Black Soil,Piece of Heart,Outset Island,Item,Outset Island Dig up Black Soil,Piece of Heart,
Outset Island Savage Labyrinth Floor 30,Savage Labyrinth - Floor 30,Triforce Chart 6,Outset Island,Item,Outset Island Savage Labyrinth Floor 30,Triforce Chart 6,
Outset Island Savage Labyrinth Floor 50,Savage Labyrinth - Floor 50,Piece of Heart,Outset Island,Item,Outset Island Savage Labyrinth Floor 50,Piece of Heart,
Pirate Ship First Visit,,Spoils Bag,Pirate Ship,Item,Pirate Ship First Visit,Spoils Bag,
Windfall Island Jail Tingle First Gift,Jail - Tingle - First Gift,Tingle Tuner,Windfall Island,Item,Windfall Island Jail Tingle First Gift,Tingle Tuner,
Windfall Island Jail Tingle Second Gift,Jail - Tingle - Second Gift,Tingle's Chart,Windfall Island,Item,Windfall Island Jail Tingle Second Gift,Tingle's Chart,
Windfall Island Jail Maze Chest,Jail - Maze Chest,Progressive Picto Box,Windfall Island,Item,Windfall Island Jail Maze Chest,Progressive Picto Box,
Windfall Island Chu Jelly Juice Shop Red Potion Free Sample,,Red Potion,Windfall Island,Item,Windfall Island Chu Jelly Juice Shop Red Potion Free Sample,Red Potion,
Windfall Island Chu Jelly Juice Shop Green Potion Free Sample,,Green Potion,Windfall Island,Item,Windfall Island Chu Jelly Juice Shop Green Potion Free Sample,Green Potion,
Windfall Island Chu Jelly Juice Shop Blue Potion Free Sample,,Blue Potion,Windfall Island,Item,Windfall Island Chu Jelly Juice Shop Blue Potion Free Sample,Blue Potion,
Windfall Island Chu Jelly Juice Shop Give 15 Green Chu Jelly,Chu Jelly Juice Shop - Give 15 Green Chu Jelly,Green Potion,Windfall Island,Item,Windfall Island Chu Jelly Juice Shop Give 15 Green Chu Jelly,Green Potion,
Windfall Island Chu Jelly Juice Shop Give 15 Blue Chu Jelly,Chu Jelly Juice Shop - Give 15 Blue Chu Jelly,Blue Potion,Windfall Island,Item,Windfall Island Chu Jelly Juice Shop Give 15 Blue Chu Jelly,Blue Potion,
Windfall Island Ivan Catch Killer Bees,Ivan - Catch Killer Bees,Piece of Heart,Windfall Island,Item,Windfall Island Ivan Catch Killer Bees,Piece of Heart,
Windfall Island Mrs Marie Catch Killer Bees,Mrs. Marie - Catch Killer Bees,Purple Rupee,Windfall Island,Item,Windfall Island Mrs Marie Catch Killer Bees,Purple Rupee,
Windfall Island Roll Into Tree Buggy,,Joy Pendant,Windfall Island,Item,Windfall Island Roll Into Tree Buggy,Joy Pendant,
Windfall Island Mrs Marie Give 1 Joy Pendant,Mrs. Marie - Give 1 Joy Pendant,Red Rupee,Windfall Island,Item,Windfall Island Mrs Marie Give 1 Joy Pendant,Red Rupee,
Windfall Island Mrs Marie Give 21 Joy Pendants,Mrs. Marie - Give 21 Joy Pendants,Cabana Deed,Windfall Island,Item,Windfall Island Mrs Marie Give 21 Joy Pendants,Cabana Deed,
Windfall Island Mrs Marie Give 40 Joy Pendants,Mrs. Marie - Give 40 Joy Pendants,Hero's Charm,Windfall Island,Item,Windfall Island Mrs Marie Give 40 Joy Pendants,Hero's Charm,
Windfall Island Mrs Marie Give 1 or 2 Joy Pendants at Once,,Red Rupee,Windfall Island,Item,Windfall Island Mrs Marie Give 1 or 2 Joy Pendants at Once,Red Rupee,
Windfall Island Mrs Marie Give 3 or 4 Joy Pendants at Once,,Purple Rupee,Windfall Island,Item,Windfall Island Mrs Marie Give 3 or 4 Joy Pendants at Once,Purple Rupee,
Windfall Island Mrs Marie Give 5 Joy Pendants at Once,,Orange Rupee,Windfall Island,Item,Windfall Island Mrs Marie Give 5 Joy Pendants at Once,Orange Rupee,
Windfall Island Lenzos House Left Chest,Lenzo's House - Left Chest,Treasure Chart 29,Windfall Island,Item,Windfall Island Lenzos House Left Chest,Treasure Chart 29,
Windfall Island Lenzos House Right Chest,Lenzo's House - Right Chest,Purple Rupee,Windfall Island,Item,Windfall Island Lenzos House Right Chest,Purple Rupee,
Windfall Island Lenzos House Become Lenzos Assistant,Lenzo's House - Become Lenzo's Assistant,Joy Pendant,Windfall Island,Item,Windfall Island Lenzos House Become Lenzos Assistant,Joy Pendant,
Windfall Island Lenzos House Bring Forest Firefly,Lenzo's House - Bring Forest Firefly,Progressive Picto Box,Windfall Island,Item,Windfall Island Lenzos House Bring Forest Firefly,Progressive Picto Box,
Windfall Island Lenzos House Legendary Pictograph,,Progressive Picto Box,Windfall Island,Item,Windfall Island Lenzos House Legendary Pictograph,Progressive Picto Box,
Windfall Island House of Wealth Chest,House of Wealth Chest,Red Rupee,Windfall Island,Item,Windfall Island House of Wealth Chest,Red Rupee,
Windfall Island Maggies Father Give 20 Skull Necklaces,Maggie's Father - Give 20 Skull Necklaces,Treasure Chart 2,Windfall Island,Item,Windfall Island Maggies Father Give 20 Skull Necklaces,Treasure Chart 2,
Windfall Island Maggies Father Give More than 20 Skull Necklaces,,Red Rupee,Windfall Island,Item,Windfall Island Maggies Father Give More than 20 Skull Necklaces,Red Rupee,
Windfall Island Maggies Father Give More than 20 Skull Necklaces 2,,Red Rupee,Windfall Island,Item,Windfall Island Maggies Father Give More than 20 Skull Necklaces 2,Red Rupee,
Windfall Island Maggie Free Item,Maggie - Free Item,Maggie's Letter,Windfall Island,Item,Windfall Island Maggie Free Item,Maggie's Letter,
Windfall Island Maggie Delivery Reward,Maggie - Delivery Reward,Piece of Heart,Windfall Island,Item,Windfall Island Maggie Delivery Reward,Piece of Heart,
Windfall Island Cafe Bar Postman,Cafe Bar - Postman,Moblin's Letter,Windfall Island,Item,Windfall Island Cafe Bar Postman,Moblin's Letter,
Windfall Island Kreeb Light Up Lighthouse,Kreeb - Light Up Lighthouse,Piece of Heart,Windfall Island,Item,Windfall Island Kreeb Light Up Lighthouse,Piece of Heart,
Windfall Island Transparent Chest,Windfall Island Transparent Chest,Piece of Heart,Windfall Island,Item,Windfall Island Transparent Chest,Piece of Heart,
Windfall Island Tott Teach Rhythm,Tott - Teach Rhythm,Song of Passing,Windfall Island,Item,Windfall Island Tott Teach Rhythm,Song of Passing,
Windfall Island Pirate Ship,Pirate Ship,Bombs,Windfall Island,Item,Windfall Island Pirate Ship,Bombs,
Windfall Island 5 Rupee Auction,5 Rupee Auction,Treasure Chart 18,Windfall Island,Item,Windfall Island 5 Rupee Auction,Treasure Chart 18,
Windfall Island 40 Rupee Auction,40 Rupee Auction,Joy Pendant,Windfall Island,Item,Windfall Island 40 Rupee Auction,Joy Pendant,
Windfall Island 60 Rupee Auction,60 Rupee Auction,Treasure Chart 38,Windfall Island,Item,Windfall Island 60 Rupee Auction,Treasure Chart 38,
Windfall Island 80 Rupee Auction,80 Rupee Auction,Piece of Heart,Windfall Island,Item,Windfall Island 80 Rupee Auction,Piece of Heart,
Windfall Island Zunari Sail,,Boat's Sail,Windfall Island,Item,Windfall Island Zunari Sail,Boat's Sail,
Windfall Island Zunari Goron Trading Starter,,Town Flower,Windfall Island,Item,Windfall Island Zunari Goron Trading Starter,Town Flower,
Windfall Island Zunari Stock Exotic Flower in Zunaris Shop,Zunari - Stock Exotic Flower in Zunari's Shop,Magic Armor,Windfall Island,Item,Windfall Island Zunari Stock Exotic Flower in Zunaris Shop,Magic Armor,
Windfall Island Sam Decorate the Town,Sam - Decorate the Town,Piece of Heart,Windfall Island,Item,Windfall Island Sam Decorate the Town,Piece of Heart,
Windfall Island Kane Place Shop Guru Statue on Gate Too obscure to randomize,,Purple Rupee,Windfall Island,Item,Windfall Island Kane Place Shop Guru Statue on Gate Too obscure to randomize,Purple Rupee,
Windfall Island Kane Place Postman Statue on Gate Too obscure to randomize,,Purple Rupee,Windfall Island,Item,Windfall Island Kane Place Postman Statue on Gate Too obscure to randomize,Purple Rupee,
Windfall Island Kane Place Six Flags on Gate Too obscure to randomize,,Red Rupee,Windfall Island,Item,Windfall Island Kane Place Six Flags on Gate Too obscure to randomize,Red Rupee,
Windfall Island Kane Place Six Idols on Gate Too obscure to randomize,,Red Rupee,Windfall Island,Item,Windfall Island Kane Place Six Idols on Gate Too obscure to randomize,Red Rupee,
Windfall Island Mila Follow the Thief,Mila - Follow the Thief,Empty Bottle,Windfall Island,Item,Windfall Island Mila Follow the Thief,Empty Bottle,
Windfall Island Battlesquid First Prize,Battlesquid - First Prize,Piece of Heart,Windfall Island,Item,Windfall Island Battlesquid First Prize,Piece of Heart,
Windfall Island Battlesquid Second Prize,Battlesquid - Second Prize,Treasure Chart 7,Windfall Island,Item,Windfall Island Battlesquid Second Prize,Treasure Chart 7,
Windfall Island Battlesquid Prize 3,,Purple Rupee,Windfall Island,Item,Windfall Island Battlesquid Prize 3,Purple Rupee,
Windfall Island Battlesquid Under 20 Shots Prize,Battlesquid - Under 20 Shots Prize,Treasure Chart 23,Windfall Island,Item,Windfall Island Battlesquid Under 20 Shots Prize,Treasure Chart 23,
Windfall Island Battlesquid Under 20 Shots Prize 2,,Orange Rupee,Windfall Island,Item,Windfall Island Battlesquid Under 20 Shots Prize 2,Orange Rupee,
Windfall Island Dampas Piggy Sitting Minigame,,Purple Rupee,Windfall Island,Item,Windfall Island Dampas Piggy Sitting Minigame,Purple Rupee,
Windfall Island Dampas Piggy Sitting Minigame Unused,,Red Rupee,Windfall Island,Item,Windfall Island Dampas Piggy Sitting Minigame Unused,Red Rupee,
Windfall Island Pompie and Vera Secret Meeting Photo,Pompie and Vera - Secret Meeting Photo,Treasure Chart 24,Windfall Island,Item,Windfall Island Pompie and Vera Secret Meeting Photo,Treasure Chart 24,
Windfall Island Kamo Full Moon Photo,Kamo - Full Moon Photo,Treasure Chart 31,Windfall Island,Item,Windfall Island Kamo Full Moon Photo,Treasure Chart 31,
Windfall Island Minenco Miss Windfall Photo,Minenco - Miss Windfall Photo,Treasure Chart 33,Windfall Island,Item,Windfall Island Minenco Miss Windfall Photo,Treasure Chart 33,
Windfall Island Linda and Anton,Linda and Anton,Piece of Heart,Windfall Island,Item,Windfall Island Linda and Anton,Piece of Heart,
Dragon Roost Island Gift from King of Red Lions,,Wind Waker,Dragon Roost Island,Item,Dragon Roost Island Gift from King of Red Lions,Wind Waker,
Dragon Roost Island Wind Shrine,Wind Shrine,Wind's Requiem,Dragon Roost Island,Item,Dragon Roost Island Wind Shrine,Wind's Requiem,
Dragon Roost Island Quill,,Delivery Bag,Dragon Roost Island,Item,Dragon Roost Island Quill,Delivery Bag,
Dragon Roost Island Rito Aerie Letter for Komali,,Father's Letter,Dragon Roost Island,Item,Dragon Roost Island Rito Aerie Letter for Komali,Father's Letter,
Dragon Roost Island Entrance to Cavern Medlis Gift,,Empty Bottle,Dragon Roost Island,Item,Dragon Roost Island Entrance to Cavern Medlis Gift,Empty Bottle,
Dragon Roost Island Komali,,Din's Pearl,Dragon Roost Island,Item,Dragon Roost Island Komali,Din's Pearl,
Dragon Roost Island Rito Aerie Give Hoskit 20 Golden Feathers,Dragon Roost Island Rito Aerie Give Hoskit 20 Golden Feathers,Orange Rupee,Dragon Roost Island,Item,Dragon Roost Island Rito Aerie Give Hoskit 20 Golden Feathers,Orange Rupee,
Dragon Roost Island Chest on Top of Boulder,Dragon Roost Island Chest on Top of Boulder,Silver Rupee,Dragon Roost Island,Item,Dragon Roost Island Chest on Top of Boulder,Silver Rupee,
Dragon Roost Island Fly Across Platforms Around Island,Dragon Roost Island Fly Across Platforms Around Island,Orange Rupee,Dragon Roost Island,Item,Dragon Roost Island Fly Across Platforms Around Island,Orange Rupee,
Dragon Roost Island Rito Aerie Baito,Dragon Roost Island Rito Aerie Baito,Note to Mom,Dragon Roost Island,Item,Dragon Roost Island Rito Aerie Baito,Note to Mom,
Dragon Roost Island Secret Cave,Dragon Roost Island Secret Cave,Purple Rupee,Dragon Roost Island,Item,Dragon Roost Island Secret Cave,Purple Rupee,
Dragon Roost Cavern First Room,Dragon Roost Cavern First Room,DRC Small Key,Dragon Roost Cavern,Item,Dragon Roost Cavern First Room,DRC Small Key,
Dragon Roost Cavern Alcove With Water Jugs,Dragon Roost Cavern Alcove With Water Jugs,DRC Dungeon Map,Dragon Roost Cavern,Item,Dragon Roost Cavern Alcove With Water Jugs,DRC Dungeon Map,
Dragon Roost Cavern Boarded Up Chest,Dragon Roost Cavern Boarded Up Chest,DRC Small Key,Dragon Roost Cavern,Item,Dragon Roost Cavern Boarded Up Chest,DRC Small Key,
Dragon Roost Cavern Chest Across Lava Pit,Dragon Roost Cavern Chest Across Lava Pit,Treasure Chart 11,Dragon Roost Cavern,Item,Dragon Roost Cavern Chest Across Lava Pit,Treasure Chart 11,
Dragon Roost Cavern Rat Room,Dragon Roost Cavern Rat Room,DRC Compass,Dragon Roost Cavern,Item,Dragon Roost Cavern Rat Room,DRC Compass,
Dragon Roost Cavern Rat Room Boarded Up Chest,Dragon Roost Cavern Rat Room Boarded Up Chest,DRC Small Key,Dragon Roost Cavern,Item,Dragon Roost Cavern Rat Room Boarded Up Chest,DRC Small Key,
Dragon Roost Cavern Birds Nest,Dragon Roost Cavern Birds Nest,DRC Small Key,Dragon Roost Cavern,Item,Dragon Roost Cavern Birds Nest,DRC Small Key,
Dragon Roost Cavern Dark Room,Dragon Roost Cavern Dark Room,Joy Pendant,Dragon Roost Cavern,Item,Dragon Roost Cavern Dark Room,Joy Pendant,
Dragon Roost Cavern Tingle Chest in Hub Room,Dragon Roost Cavern Tingle Chest in Hub Room,Yellow Rupee,Dragon Roost Cavern,Item,Dragon Roost Cavern Tingle Chest in Hub Room,Yellow Rupee,
Dragon Roost Cavern Pot Room Chest,Dragon Roost Cavern Pot Room Chest,Treasure Chart 39,Dragon Roost Cavern,Item,Dragon Roost Cavern Pot Room Chest,Treasure Chart 39,
Dragon Roost Cavern MiniBoss,Dragon Roost Cavern MiniBoss,Grappling Hook,Dragon Roost Cavern,Item,Dragon Roost Cavern MiniBoss,Grappling Hook,
Dragon Roost Cavern Under Rope Bridge,Dragon Roost Cavern Under Rope Bridge,Joy Pendant,Dragon Roost Cavern,Item,Dragon Roost Cavern Under Rope Bridge,Joy Pendant,
Dragon Roost Cavern Tingle Statue Chest,Dragon Roost Cavern Tingle Statue Chest,Dragon Tingle Statue,Dragon Roost Cavern,Item,Dragon Roost Cavern Tingle Statue Chest,Dragon Tingle Statue,
Dragon Roost Cavern Big Key Chest,Dragon Roost Cavern Big Key Chest,DRC Big Key,Dragon Roost Cavern,Item,Dragon Roost Cavern Big Key Chest,DRC Big Key,
Dragon Roost Cavern Boss Stairs Right Chest,Dragon Roost Cavern Boss Stairs Right Chest,Knight's Crest,Dragon Roost Cavern,Item,Dragon Roost Cavern Boss Stairs Right Chest,Knight's Crest,
Dragon Roost Cavern Boss Stairs Left Chest,Dragon Roost Cavern Boss Stairs Left Chest,Yellow Rupee,Dragon Roost Cavern,Item,Dragon Roost Cavern Boss Stairs Left Chest,Yellow Rupee,
Dragon Roost Cavern Gohma Heart Container,Dragon Roost Cavern Gohma Heart Container,Heart Container,Dragon Roost Cavern,Item,Dragon Roost Cavern Gohma Heart Container,Heart Container,
Forest Haven On Tree Branch,Forest Haven On Tree Branch,Deku Leaf,Forest Haven,Item,Forest Haven On Tree Branch,Deku Leaf,
Forest Haven Farores Pearl,,Farore's Pearl,Forest Haven,Item,Forest Haven Farores Pearl,Farore's Pearl,
Forest Haven Small Island Chest,Forest Haven Small Island Chest,Treasure Chart 3,Forest Haven,Item,Forest Haven Small Island Chest,Treasure Chart 3,
Forbidden Woods First Room,Forbidden Woods First Room,FW Dungeon Map,Forbidden Woods,Item,Forbidden Woods First Room,FW Dungeon Map,
Forbidden Woods Inside Hollow Trees Mouth,Forbidden Woods Inside Hollow Trees Mouth,Knight's Crest,Forbidden Woods,Item,Forbidden Woods Inside Hollow Trees Mouth,Knight's Crest,
Forbidden Woods Climb to Top Using Boko Baba Bulbs,Forbidden Woods Climb to Top Using Boko Baba Bulbs,Treasure Chart 1,Forbidden Woods,Item,Forbidden Woods Climb to Top Using Boko Baba Bulbs,Treasure Chart 1,
Forbidden Woods Hole in Tree,Forbidden Woods Hole in Tree,Red Rupee,Forbidden Woods,Item,Forbidden Woods Hole in Tree,Red Rupee,
Forbidden Woods Morth Pit,Forbidden Woods Morth Pit,Yellow Rupee,Forbidden Woods,Item,Forbidden Woods Morth Pit,Yellow Rupee,
Forbidden Woods Vine Maze Left Chest,Forbidden Woods Vine Maze Left Chest,FW Compass,Forbidden Woods,Item,Forbidden Woods Vine Maze Left Chest,FW Compass,
Forbidden Woods Vine Maze Right Chest,Forbidden Woods Vine Maze Right Chest,FW Small Key,Forbidden Woods,Item,Forbidden Woods Vine Maze Right Chest,FW Small Key,
Forbidden Woods Tall Room Before MiniBoss,Forbidden Woods Tall Room Before MiniBoss,Joy Pendant,Forbidden Woods,Item,Forbidden Woods Tall Room Before MiniBoss,Joy Pendant,
Forbidden Woods Mothula MiniBoss Room,Forbidden Woods Mothula MiniBoss Room,Boomerang,Forbidden Woods,Item,Forbidden Woods Mothula MiniBoss Room,Boomerang,
Forbidden Woods Past Seeds Hanging by Vines,Forbidden Woods Past Seeds Hanging by Vines,Joy Pendant,Forbidden Woods,Item,Forbidden Woods Past Seeds Hanging by Vines,Joy Pendant,
Forbidden Woods Chest Across Red Hanging Flower,Forbidden Woods Chest Across Red Hanging Flower,Yellow Rupee,Forbidden Woods,Item,Forbidden Woods Chest Across Red Hanging Flower,Yellow Rupee,
Forbidden Woods Tingle Statue Chest,Forbidden Woods Tingle Statue Chest,Forbidden Tingle Statue,Forbidden Woods,Item,Forbidden Woods Tingle Statue Chest,Forbidden Tingle Statue,
Forbidden Woods Chest in Locked Tree Trunk,Forbidden Woods Chest in Locked Tree Trunk,Treasure Chart 15,Forbidden Woods,Item,Forbidden Woods Chest in Locked Tree Trunk,Treasure Chart 15,
Forbidden Woods Big Key Chest,Forbidden Woods Big Key Chest,FW Big Key,Forbidden Woods,Item,Forbidden Woods Big Key Chest,FW Big Key,
Forbidden Woods Double Mothula Room,Forbidden Woods Double Mothula Room,Joy Pendant,Forbidden Woods,Item,Forbidden Woods Double Mothula Room,Joy Pendant,
Forbidden Woods Kalle Demos Heart Container,Forbidden Woods Kalle Demos Heart Container,Heart Container,Forbidden Woods,Item,Forbidden Woods Kalle Demos Heart Container,Heart Container,
Greatfish Isle Hidden Chest,Greatfish Isle Hidden Chest,Piece of Heart,Greatfish Isle,Item,Greatfish Isle Hidden Chest,Piece of Heart,
Tower of the Gods Chest Behind Bombable Walls,Tower of the Gods Chest Behind Bombable Walls,TotG Dungeon Map,Tower of the Gods,Item,Tower of the Gods Chest Behind Bombable Walls,TotG Dungeon Map,
Tower of the Gods Hop Across Floating Boxes,Tower of the Gods Hop Across Floating Boxes,TotG Small Key,Tower of the Gods,Item,Tower of the Gods Hop Across Floating Boxes,TotG Small Key,
Tower of the Gods Light Two Torches,Tower of the Gods Light Two Torches,Joy Pendant,Tower of the Gods,Item,Tower of the Gods Light Two Torches,Joy Pendant,
Tower of the Gods Skulls Room Chest,Tower of the Gods Skulls Room Chest,TotG Compass,Tower of the Gods,Item,Tower of the Gods Skulls Room Chest,TotG Compass,
Tower of the Gods Shoot Eye Above Skulls Room Chest,Tower of the Gods Shoot Eye Above Skulls Room Chest,Treasure Chart 6,Tower of the Gods,Item,Tower of the Gods Shoot Eye Above Skulls Room Chest,Treasure Chart 6,
Tower of the Gods Tingle Statue Chest,Tower of the Gods Tingle Statue Chest,Goddess Tingle Statue,Tower of the Gods,Item,Tower of the Gods Tingle Statue Chest,Goddess Tingle Statue,
Tower of the Gods First Chest Guarded by Armos Knights,Tower of the Gods First Chest Guarded by Armos Knights,Joy Pendant,Tower of the Gods,Item,Tower of the Gods First Chest Guarded by Armos Knights,Joy Pendant,
Tower of the Gods Stone Tablet,Tower of the Gods Stone Tablet,Command Melody,Tower of the Gods,Item,Tower of the Gods Stone Tablet,Command Melody,
Tower of the Gods Darknut MiniBoss Room,Tower of the Gods Darknut MiniBoss Room,Progressive Bow,Tower of the Gods,Item,Tower of the Gods Darknut MiniBoss Room,Progressive Bow,
Tower of the Gods Second Chest Guarded by Armos Knights,Tower of the Gods Second Chest Guarded by Armos Knights,Treasure Chart 30,Tower of the Gods,Item,Tower of the Gods Second Chest Guarded by Armos Knights,Treasure Chart 30,
Tower of the Gods Floating Platforms Room,Tower of the Gods Floating Platforms Room,TotG Small Key,Tower of the Gods,Item,Tower of the Gods Floating Platforms Room,TotG Small Key,
Tower of the Gods Top of Floating Platforms Room,Tower of the Gods Top of Floating Platforms Room,Joy Pendant,Tower of the Gods,Item,Tower of the Gods Top of Floating Platforms Room,Joy Pendant,
Tower of the Gods Big Key Chest,Tower of the Gods Big Key Chest,TotG Big Key,Tower of the Gods,Item,Tower of the Gods Big Key Chest,TotG Big Key,
Tower of the Gods Gohdan Arrow Refill,,,Tower of the Gods,Item,Tower of the Gods Gohdan Arrow Refill,10 Arrows (Pickup),
Tower of the Gods Gohdan Bomb Refill,,,Tower of the Gods,Item,Tower of the Gods Gohdan Bomb Refill,5 Bombs (Pickup),
Tower of the Gods Gohdan Heart Container,Gohdan Heart Container,Heart Container,Tower of the Gods,Item,Tower of the Gods Gohdan Heart Container,Heart Container,
Hyrule Master Sword Chamber,Master Sword Chamber,Progressive Sword,Hyrule,Item,Hyrule Master Sword Chamber,Progressive Sword,
Forsaken Fortress Phantom Ganon,Phantom Ganon,Skull Hammer,Forsaken Fortress,Item,Forsaken Fortress Phantom Ganon,Skull Hammer,
Forsaken Fortress Chest Outside Upper Jail Cell,Forsaken Fortress Chest Outside Upper Jail Cell,FF Dungeon Map,Forsaken Fortress,Item,Forsaken Fortress Chest Outside Upper Jail Cell,FF Dungeon Map,
Forsaken Fortress Chest Inside Lower Jail Cell,Forsaken Fortress Chest Inside Lower Jail Cell,Piece of Heart,Forsaken Fortress,Item,Forsaken Fortress Chest Inside Lower Jail Cell,Piece of Heart,
Forsaken Fortress Chest Guarded By Bokoblin,Forsaken Fortress Chest Guarded By Bokoblin,FF Compass,Forsaken Fortress,Item,Forsaken Fortress Chest Guarded By Bokoblin,FF Compass,
Forsaken Fortress Chest on Bed,Forsaken Fortress Chest on Bed,Yellow Rupee,Forsaken Fortress,Item,Forsaken Fortress Chest on Bed,Yellow Rupee,
Forsaken Fortress Dropped Sword,,Progressive Sword,Forsaken Fortress,Item,Forsaken Fortress Dropped Sword,Progressive Sword,
Forsaken Fortress Helmaroc King Heart Container,Helmaroc King Heart Container,Heart Container,Forsaken Fortress,Item,Forsaken Fortress Helmaroc King Heart Container,Heart Container,
Mother and Child Isles Inside Mother Isle,Inside Mother Isle,Progressive Bow,Mother and Child Isles,Item,Mother and Child Isles Inside Mother Isle,Progressive Bow,
Fire Mountain Cave Chest,Fire Mountain Cave Chest,Power Bracelets,Fire Mountain,Item,Fire Mountain Cave Chest,Power Bracelets,
Fire Mountain Lookout Platform Chest,Fire Mountain Lookout Platform Chest,Yellow Rupee,Fire Mountain,Item,Fire Mountain Lookout Platform Chest,Yellow Rupee,
Fire Mountain Lookout Platform Destroy the Cannons,Fire Mountain Lookout Platform Destroy the Cannons,Golden Feather,Fire Mountain,Item,Fire Mountain Lookout Platform Destroy the Cannons,Golden Feather,
Fire Mountain Big Octo,Fire Mountain Big Octo,Orange Rupee,Fire Mountain,Item,Fire Mountain Big Octo,Orange Rupee,
Ice Ring Isle Frozen Chest,Ice Ring Isle Frozen Chest,Treasure Chart 36,Ice Ring Isle,Item,Ice Ring Isle Frozen Chest,Treasure Chart 36,
Ice Ring Isle Cave Chest,Ice Ring Isle Cave Chest,Iron Boots,Ice Ring Isle,Item,Ice Ring Isle Cave Chest,Iron Boots,
Ice Ring Isle Inner Cave Chest,Ice Ring Isle Inner Cave Chest,Orange Rupee,Ice Ring Isle,Item,Ice Ring Isle Inner Cave Chest,Orange Rupee,
Headstone Island Top of the Island,Headstone Island Top of the Island,Piece of Heart,Headstone Island,Item,Headstone Island Top of the Island,Piece of Heart,
Headstone Island Submarine,Headstone Island Submarine,Treasure Chart 14,Headstone Island,Item,Headstone Island Submarine,Treasure Chart 14,
Earth Temple Entrance,,Earth God's Lyric,Earth Temple,Item,Earth Temple Entrance,Earth God's Lyric,
Earth Temple Transparent Chest In Warp Pot Room,Earth Temple Transparent Chest In Warp Pot Room,ET Dungeon Map,Earth Temple,Item,Earth Temple Transparent Chest In Warp Pot Room,ET Dungeon Map,
Earth Temple Chest Behind Destructible Walls,Earth Temple Chest Behind Destructible Walls,Joy Pendant,Earth Temple,Item,Earth Temple Chest Behind Destructible Walls,Joy Pendant,
Earth Temple Behind Curtain Next to Map Chest,,Joy Pendant,Earth Temple,Item,Earth Temple Behind Curtain Next to Map Chest,Joy Pendant,
Earth Temple Transparent Chest in First Crypt,Earth Temple Transparent Chest in First Crypt,ET Small Key,Earth Temple,Item,Earth Temple Transparent Chest in First Crypt,ET Small Key,
Earth Temple Chest In Three Blocks Room,Earth Temple Chest In Three Blocks Room,ET Compass,Earth Temple,Item,Earth Temple Chest In Three Blocks Room,ET Compass,
Earth Temple Chest Behind Statues,Earth Temple Chest Behind Statues,Joy Pendant,Earth Temple,Item,Earth Temple Chest Behind Statues,Joy Pendant,
Earth Temple Casket in Second Crypt,Earth Temple Casket in Second Crypt,ET Small Key,Earth Temple,Item,Earth Temple Casket in Second Crypt,ET Small Key,
Earth Temple Stalfos MiniBoss Room,Earth Temple Stalfos MiniBoss Room,Mirror Shield,Earth Temple,Item,Earth Temple Stalfos MiniBoss Room,Mirror Shield,
Earth Temple Tingle Statue Chest,Earth Temple Tingle Statue Chest,Earth Tingle Statue,Earth Temple,Item,Earth Temple Tingle Statue Chest,Earth Tingle Statue,
Earth Temple End of Foggy Room With Floormasters,Earth Temple End of Foggy Room With Floormasters,ET Small Key,Earth Temple,Item,Earth Temple End of Foggy Room With Floormasters,ET Small Key,
Earth Temple Kill All Floormasters in Foggy Room,Earth Temple Kill All Floormasters in Foggy Room,Treasure Chart 20,Earth Temple,Item,Earth Temple Kill All Floormasters in Foggy Room,Treasure Chart 20,
Earth Temple Behind Curtains Next to Hammer Button,,Joy Pendant,Earth Temple,Item,Earth Temple Behind Curtains Next to Hammer Button,Joy Pendant,
Earth Temple Chest in Third Crypt,Earth Temple Chest in Third Crypt,Red Rupee,Earth Temple,Item,Earth Temple Chest in Third Crypt,Red Rupee,
Earth Temple Many Mirrors Room Right Chest,Earth Temple Many Mirrors Room Right Chest,Purple Rupee,Earth Temple,Item,Earth Temple Many Mirrors Room Right Chest,Purple Rupee,
Earth Temple Many Mirrors Room Left Chest,Earth Temple Many Mirrors Room Left Chest,Joy Pendant,Earth Temple,Item,Earth Temple Many Mirrors Room Left Chest,Joy Pendant,
Earth Temple Stalfos Crypt Room,Earth Temple Stalfos Crypt Room,Treasure Chart 12,Earth Temple,Item,Earth Temple Stalfos Crypt Room,Treasure Chart 12,
Earth Temple Big Key Chest,Earth Temple Big Key Chest,ET Big Key,Earth Temple,Item,Earth Temple Big Key Chest,ET Big Key,
Earth Temple Duplicate Earth Gods Lyric,,Earth God's Lyric,Earth Temple,Item,Earth Temple Duplicate Earth Gods Lyric,Earth God's Lyric,
Earth Temple Jalhalla Heart Container,Jalhalla Heart Container,Heart Container,Earth Temple,Item,Earth Temple Jalhalla Heart Container,Heart Container,
Earth Temple Master Sword Upgrade,,Progressive Sword,Earth Temple,Item,Earth Temple Master Sword Upgrade,Progressive Sword,
Wind Temple Entrance,,Wind God's Aria,Wind Temple,Item,Wind Temple Entrance,Wind God's Aria,
Wind Temple Chest Between Two Dirt Patches,Wind Temple Chest Between Two Dirt Patches,Orange Rupee,Wind Temple,Item,Wind Temple Chest Between Two Dirt Patches,Orange Rupee,
Wind Temple Tingle Statue Chest,Wind Temple Tingle Statue Chest,Wind Tingle Statue,Wind Temple,Item,Wind Temple Tingle Statue Chest,Wind Tingle Statue,
Wind Temple Chest Behind Stone Head,Wind Temple Chest Behind Stone Head,Joy Pendant,Wind Temple,Item,Wind Temple Chest Behind Stone Head,Joy Pendant,
Wind Temple Chest in Left Alcove,Wind Temple Chest in Left Alcove,Joy Pendant,Wind Temple,Item,Wind Temple Chest in Left Alcove,Joy Pendant,
Wind Temple Big Key Chest,Wind Temple Big Key Chest,WT Big Key,Wind Temple,Item,Wind Temple Big Key Chest,WT Big Key,
Wind Temple Chest In Many Cyclones Room,Wind Temple Chest In Many Cyclones Room,WT Dungeon Map,Wind Temple,Item,Wind Temple Chest In Many Cyclones Room,WT Dungeon Map,
Wind Temple Chest In Middle Of Hub Room,Wind Temple Chest In Middle Of Hub Room,WT Compass,Wind Temple,Item,Wind Temple Chest In Middle Of Hub Room,WT Compass,
Wind Temple Spike Wall Room First Chest,Wind Temple Spike Wall Room First Chest,WT Small Key,Wind Temple,Item,Wind Temple Spike Wall Room First Chest,WT Small Key,
Wind Temple Spike Wall Room Destroy All Cracked Floors,Wind Temple Spike Wall Room Destroy All Cracked Floors,Treasure Chart 35,Wind Temple,Item,Wind Temple Spike Wall Room Destroy All Cracked Floors,Treasure Chart 35,
Wind Temple Wizzrobe MiniBoss Room,Wind Temple Wizzrobe MiniBoss Room,Hookshot,Wind Temple,Item,Wind Temple Wizzrobe MiniBoss Room,Hookshot,
Wind Temple Chest at Top of Hub Room,Wind Temple Chest at Top of Hub Room,Joy Pendant,Wind Temple,Item,Wind Temple Chest at Top of Hub Room,Joy Pendant,
Wind Temple Chest Behind Seven Armos,Wind Temple Chest Behind Seven Armos,WT Small Key,Wind Temple,Item,Wind Temple Chest Behind Seven Armos,WT Small Key,
Wind Temple Kill All Enemies in Tall Basement Room,Wind Temple Kill All Enemies in Tall Basement Room,Treasure Chart 5,Wind Temple,Item,Wind Temple Kill All Enemies in Tall Basement Room,Treasure Chart 5,
Wind Temple Duplicate Wind Gods Aria,,Wind God's Aria,Wind Temple,Item,Wind Temple Duplicate Wind Gods Aria,Wind God's Aria,
Wind Temple Molgera Heart Container,Molgera Heart Container,Heart Container,Wind Temple,Item,Wind Temple Molgera Heart Container,Heart Container,
Wind Temple Master Sword Upgrade,,Progressive Sword,Wind Temple,Item,Wind Temple Master Sword Upgrade,Progressive Sword,
Ganon's Tower Maze Chest,Ganon's Tower Maze Chest,Progressive Bow,Ganon's Tower,Item,Ganon's Tower Maze Chest,Progressive Bow,
Mailbox Letter from Hoskits Girlfriend,Letter from Hoskit's Girlfriend,Piece of Heart,Mailbox,Item,Mailbox Letter from Hoskits Girlfriend,Piece of Heart,
Mailbox Letter from Baitos Mother,Letter from Baito's Mother,Piece of Heart,Mailbox,Item,Mailbox Letter from Baitos Mother,Piece of Heart,
Mailbox Letter from Baito,Letter from Baito,Red Rupee,Mailbox,Item,Mailbox Letter from Baito,Red Rupee,
Mailbox Letter from Komalis Father,Letter from Komali's Father,Piece of Heart,Mailbox,Item,Mailbox Letter from Komalis Father,Piece of Heart,
Mailbox Letter Advertising Bombs in Beedles Shop,Letter Advertising Bombs in Beedle's Shop,Beedle's Chart,Mailbox,Item,Mailbox Letter Advertising Bombs in Beedles Shop,Beedle's Chart,
Mailbox Letter Advertising Rock Spire Shop Ship,Letter Advertising Rock Spire Shop Ship,Green Rupee,Mailbox,Item,Mailbox Letter Advertising Rock Spire Shop Ship,Green Rupee,
Mailbox Beedles Silver Membership Reward,Beedle's Silver Membership Reward,Complimentary ID,Mailbox,Item,Mailbox Beedles Silver Membership Reward,Complimentary ID,
Mailbox Beedles Gold Membership Reward,Beedle's Gold Membership Reward,Fill-Up Coupon,Mailbox,Item,Mailbox Beedles Gold Membership Reward,Fill-Up Coupon,
Mailbox Letter from Orca,Letter from Orca,Red Rupee,Mailbox,Item,Mailbox Letter from Orca,Red Rupee,
Mailbox Letter from Grandma,Letter from Grandma,Red Rupee,Mailbox,Item,Mailbox Letter from Grandma,Red Rupee,
Mailbox Letter from Aryll,Letter from Aryll,Red Rupee,Mailbox,Item,Mailbox Letter from Aryll,Red Rupee,
Mailbox Letter from Tingle,Letter from Tingle,IN-credible Chart,Mailbox,Item,Mailbox Letter from Tingle,IN-credible Chart,
The Great Sea Beedles Shop Ship 20 Rupee Item,Beedle's Shop Ship - 20 Rupee Item,Bait Bag,The Great Sea,Item,The Great Sea Beedles Shop Ship 20 Rupee Item,Bait Bag,
The Great Sea Salvage Corp Gift,Salvage Corp Gift,Treasure Chart 34,The Great Sea,Item,The Great Sea Salvage Corp Gift,Treasure Chart 34,
The Great Sea Cyclos,Cyclos,Ballad of Gales,The Great Sea,Item,The Great Sea Cyclos,Ballad of Gales,
The Great Sea Goron Trading Reward,Goron Trading Reward,Piece of Heart,The Great Sea,Item,The Great Sea Goron Trading Reward,Piece of Heart,
The Great Sea Withered Trees,Withered Trees,Piece of Heart,The Great Sea,Item,The Great Sea Withered Trees,Piece of Heart,
The Great Sea Ghost Ship,Ghost Ship,Triforce Chart 4,The Great Sea,Item,The Great Sea Ghost Ship,Triforce Chart 4,
The Great Sea Old Man Hoho 1 Unused,,Piece of Heart,The Great Sea,Item,The Great Sea Old Man Hoho 1 Unused,Piece of Heart,
The Great Sea Old Man Hoho 2 Unused,,Purple Rupee,The Great Sea,Item,The Great Sea Old Man Hoho 2 Unused,Purple Rupee,
The Great Sea Fishman Unused,,Silver Rupee,The Great Sea,Item,The Great Sea Fishman Unused,Silver Rupee,
Nintendo Gallery Carlov 1 Unused,,Piece of Heart,Nintendo Gallery,Item,Nintendo Gallery Carlov 1 Unused,Piece of Heart,
Nintendo Gallery Carlov 2 Unused,,Purple Rupee,Nintendo Gallery,Item,Nintendo Gallery Carlov 2 Unused,Purple Rupee,
Private Oasis Chest at Top of Waterfall,Private Oasis Chest at Top of Waterfall,Treasure Chart 27,Private Oasis,Item,Private Oasis Chest at Top of Waterfall,Treasure Chart 27,
Private Oasis Cabana Labyrinth Lower Floor Chest,Private Oasis Cabana Labyrinth Lower Floor Chest,Orange Rupee,Private Oasis,Item,Private Oasis Cabana Labyrinth Second Chest,Orange Rupee,
Private Oasis Cabana Labyrinth Upper Floor Chest,Private Oasis Cabana Labyrinth Upper Floor Chest,Triforce Chart 2,Private Oasis,Item,Private Oasis Cabana Labyrinth First Chest,Triforce Chart 2,
Private Oasis Big Octo,Private Oasis Big Octo,Orange Rupee,Private Oasis,Item,Private Oasis Big Octo,Orange Rupee,
Spectacle Island Barrel Shooting First Prize,Barrel Shooting - First Prize,Piece of Heart,Spectacle Island,Item,Spectacle Island Barrel Shooting First Prize,Piece of Heart,
Spectacle Island Barrel Shooting Second Prize,Barrel Shooting - Second Prize,Treasure Chart 17,Spectacle Island,Item,Spectacle Island Barrel Shooting Second Prize,Treasure Chart 17,
Spectacle Island Barrel Shooting Prize 3,,Orange Rupee,Spectacle Island,Item,Spectacle Island Barrel Shooting Prize 3,Orange Rupee,
Needle Rock Isle Chest,Needle Rock Isle Chest,Piece of Heart,Needle Rock Isle,Item,Needle Rock Isle Chest,Piece of Heart,
Needle Rock Isle Cave,Needle Rock Isle Cave,Orange Rupee,Needle Rock Isle,Item,Needle Rock Isle Cave,Orange Rupee,
Needle Rock Isle Golden Gunboat,Needle Rock Isle Golden Gunboat,Triforce Chart 5,Needle Rock Isle,Item,Needle Rock Isle Golden Gunboat,Triforce Chart 5,
Angular Isles Peak,Angular Isles Peak,Piece of Heart,Angular Isles,Item,Angular Isles Peak,Piece of Heart,
Angular Isles Cave,Angular Isles Cave,Silver Rupee,Angular Isles,Item,Angular Isles Cave,Silver Rupee,
Boating Course Raft,Boating Course Raft,Boko Baba Seed,Boating Course,Item,Boating Course Raft,Boko Baba Seed,
Boating Course Cave,Boating Course Cave,Submarine Chart,Boating Course,Item,Boating Course Cave,Submarine Chart,
Stone Watcher Island Cave,Stone Watcher Island Cave,Triforce Chart 7,Stone Watcher Island,Item,Stone Watcher Island Cave,Triforce Chart 7,
Stone Watcher Island Lookout Platform Chest,Stone Watcher Island Lookout Platform Chest,Red Rupee,Stone Watcher Island,Item,Stone Watcher Island Lookout Platform Chest,Red Rupee,
Stone Watcher Island Lookout Platform Destroy the Cannons,Stone Watcher Island Lookout Platform Destroy the Cannons,Piece of Heart,Stone Watcher Island,Item,Stone Watcher Island Lookout Platform Destroy the Cannons,Piece of Heart,
Islet of Steel Interior,Islet of Steel Interior,Triforce Chart 1,Islet of Steel,Item,Islet of Steel Interior,Triforce Chart 1,
Islet of Steel Lookout Platform Defeat the Enemies,Islet of Steel Lookout Platform Defeat the Enemies,Skull Necklace,Islet of Steel,Item,Islet of Steel Lookout Platform Defeat the Enemies,Skull Necklace,
Overlook Island Cave,Overlook Island Cave,Triforce Chart 8,Overlook Island,Item,Overlook Island Cave,Triforce Chart 8,
Bird's Peak Rock Cave,Bird's Peak Rock Cave,Triforce Chart 3,Bird's Peak Rock,Item,Bird's Peak Rock Cave,Triforce Chart 3,
Pawprint Isle Chuchu Cave Chest,Pawprint Isle Chuchu Cave Chest,Piece of Heart,Pawprint Isle,Item,Pawprint Isle Chuchu Cave Chest,Piece of Heart,
Pawprint Isle Chuchu Cave Behind Left Boulder,Pawprint Isle Chuchu Cave Behind Left Boulder,Purple Rupee,Pawprint Isle,Item,Pawprint Isle Chuchu Cave Behind First Boulder,Purple Rupee,
Pawprint Isle Chuchu Cave Behind Right Boulder,Pawprint Isle Chuchu Cave Behind Right Boulder,Joy Pendant,Pawprint Isle,Item,Pawprint Isle Chuchu Cave Behind Second Boulder,Joy Pendant,
Pawprint Isle Chuchu Cave Scale the Wall,Pawprint Isle Chuchu Cave Scale the Wall,Red Rupee,Pawprint Isle,Item,Pawprint Isle Chuchu Cave Scale the Wall,Red Rupee,
Pawprint Isle Wizzrobe Cave,Pawprint Isle Wizzrobe Cave,Silver Rupee,Pawprint Isle,Item,Pawprint Isle Wizzrobe Cave,Silver Rupee,
Pawprint Isle Lookout Platform Defeat the Enemies,Pawprint Isle Lookout Platform Defeat the Enemies,Red Rupee,Pawprint Isle,Item,Pawprint Isle Lookout Platform Defeat the Enemies,Red Rupee,
Thorned Fairy Island Great Fairy,Thorned Fairy Island Great Fairy,Progressive Quiver,Thorned Fairy Island,Item,Thorned Fairy Island Great Fairy,Progressive Quiver,
Thorned Fairy Island Northeastern Lookout Platform Destroy the Cannons,Thorned Fairy Island Northeastern Lookout Platform Destroy the Cannons,Golden Feather,Thorned Fairy Island,Item,Thorned Fairy Island Northeastern Lookout Platform Destroy the Cannons,Golden Feather,
Thorned Fairy Island Southwestern Lookout Platform Defeat the Enemies,Thorned Fairy Island Southwestern Lookout Platform Defeat the Enemies,Boko Baba Seed,Thorned Fairy Island,Item,Thorned Fairy Island Southwestern Lookout Platform Defeat the Enemies,Boko Baba Seed,
Eastern Fairy Island Great Fairy,Eastern Fairy Island Great Fairy,Progressive Bomb Bag,Eastern Fairy Island,Item,Eastern Fairy Island Great Fairy,Progressive Bomb Bag,
Eastern Fairy Island Lookout Platform Defeat the Cannons and Enemies,Eastern Fairy Island Lookout Platform Defeat the Cannons and Enemies,Boko Baba Seed,Eastern Fairy Island,Item,Eastern Fairy Island Lookout Platform Defeat the Cannons and Enemies,Boko Baba Seed,
Western Fairy Island Great Fairy,Western Fairy Island Great Fairy,Progressive Quiver,Western Fairy Island,Item,Western Fairy Island Great Fairy,Progressive Quiver,
Western Fairy Island Lookout Platform,Western Fairy Island Lookout Platform,Skull Necklace,Western Fairy Island,Item,Western Fairy Island Lookout Platform,Skull Necklace,
Southern Fairy Island Great Fairy,Southern Fairy Island Great Fairy,Progressive Bomb Bag,Southern Fairy Island,Item,Southern Fairy Island Great Fairy,Progressive Bomb Bag,
Southern Fairy Island Lookout Platform Destroy the Northwest Cannons,Southern Fairy Island Lookout Platform Destroy the Northwest Cannons,Treasure Chart 40,Southern Fairy Island,Item,Southern Fairy Island Lookout Platform Destroy the Northwest Cannons,Treasure Chart 40,
Southern Fairy Island Lookout Platform Destroy the Southeast Cannons,Southern Fairy Island Lookout Platform Destroy the Southeast Cannons,Skull Necklace,Southern Fairy Island,Item,Southern Fairy Island Lookout Platform Destroy the Southeast Cannons,Skull Necklace,
Northern Fairy Island Great Fairy,Northern Fairy Island Great Fairy,Progressive Wallet,Northern Fairy Island,Item,Northern Fairy Island Great Fairy,Progressive Wallet,
Northern Fairy Island Submarine,Northern Fairy Island Submarine,Treasure Chart 22,Northern Fairy Island,Item,Northern Fairy Island Submarine,Treasure Chart 22,
Tingle Island Ankle Reward for 1 Tingle Statue,,,,Item,,,
Tingle Island Ankle Reward for 2 Tingle Statues,,,,Item,,,
Tingle Island Ankle Reward for 3 Tingle Statues,,,,Item,,,
Tingle Island Ankle Reward for 4 Tingle Statues,,,,Item,,,
Tingle Island Ankle Reward for 5 Tingle Statues,,,,Item,,,
Tingle Island Ankle Reward for All Tingle Statues,Ankle - Reward for All Tingle Statues,Rainbow Rupee,Tingle Island,Item,Tingle Island Ankle Reward for All Tingle Statues,Rainbow Rupee,
Tingle Island Tingle Triforce Chart 1 Deciphered,,,,Item,,,
Tingle Island Tingle Triforce Chart 2 Deciphered,,,,Item,,,
Tingle Island Tingle Triforce Chart 3 Deciphered,,,,Item,,,
Tingle Island Tingle Triforce Chart 4 Deciphered,,,,Item,,,
Tingle Island Tingle Triforce Chart 5 Deciphered,,,,Item,,,
Tingle Island Tingle Triforce Chart 6 Deciphered,,,,Item,,,
Tingle Island Tingle Triforce Chart 7 Deciphered,,,,Item,,,
Tingle Island Tingle Triforce Chart 8 Deciphered,,,,Item,,,
Tingle Island Big Octo,Tingle Island Big Octo,Piece of Heart,Tingle Island,Item,Tingle Island Big Octo,Piece of Heart,
Diamond Steppe Island Warp Maze Cave First Chest,Diamond Steppe Island Warp Maze Cave First Chest,Joy Pendant,Diamond Steppe Island,Item,Diamond Steppe Island Warp Maze Cave First Chest,Joy Pendant,
Diamond Steppe Island Warp Maze Cave Second Chest,Diamond Steppe Island Warp Maze Cave Second Chest,Ghost Ship Chart,Diamond Steppe Island,Item,Diamond Steppe Island Warp Maze Cave Second Chest,Ghost Ship Chart,
Diamond Steppe Island Big Octo,Diamond Steppe Island Big Octo,Orange Rupee,Diamond Steppe Island,Item,Diamond Steppe Island Big Octo,Orange Rupee,
Bomb Island Cave,Bomb Island Cave,Piece of Heart,Bomb Island,Item,Bomb Island Cave,Piece of Heart,
Bomb Island Lookout Platform Defeat the Enemies,Bomb Island Lookout Platform Defeat the Enemies,Red Rupee,Bomb Island,Item,Bomb Island Lookout Platform Defeat the Enemies,Red Rupee,
Bomb Island Submarine,Bomb Island Submarine,Empty Bottle,Bomb Island,Item,Bomb Island Submarine,Empty Bottle,
Rock Spire Isle Cave,Rock Spire Isle Cave,Treasure Chart 37,Rock Spire Isle,Item,Rock Spire Isle Cave,Treasure Chart 37,
Rock Spire Isle Beedles Special Shop Ship 500 Rupee Item,Rock Spire Isle Beedles Special Shop Ship 500 Rupee Item,Empty Bottle,Rock Spire Isle,Item,Rock Spire Isle Beedles Special Shop Ship 500 Rupee Item,Empty Bottle,
Rock Spire Isle Beedles Special Shop Ship 950 Rupee Item,Rock Spire Isle Beedles Special Shop Ship 950 Rupee Item,Piece of Heart,Rock Spire Isle,Item,Rock Spire Isle Beedles Special Shop Ship 950 Rupee Item,Piece of Heart,
Rock Spire Isle Beedles Special Shop Ship 900 Rupee Item,Rock Spire Isle Beedles Special Shop Ship 900 Rupee Item,Treasure Chart 4,Rock Spire Isle,Item,Rock Spire Isle Beedles Special Shop Ship 900 Rupee Item,Treasure Chart 4,
Rock Spire Isle Western Lookout Platform Destroy the Cannons,Rock Spire Isle Western Lookout Platform Destroy the Cannons,Orange Rupee,Rock Spire Isle,Item,Rock Spire Isle Western Lookout Platform Destroy the Cannons,Orange Rupee,
Rock Spire Isle Eastern Lookout Platform Destroy the Cannons,Rock Spire Isle Eastern Lookout Platform Destroy the Cannons,Golden Feather,Rock Spire Isle,Item,Rock Spire Isle Eastern Lookout Platform Destroy the Cannons,Golden Feather,
Rock Spire Isle Center Lookout Platform,Rock Spire Isle Center Lookout Platform,Red Rupee,Rock Spire Isle,Item,Rock Spire Isle Center Lookout Platform,Red Rupee,
Rock Spire Isle Gunboat,Rock Spire Isle Gunboat,Piece of Heart,Rock Spire Isle,Item,Rock Spire Isle Gunboat,Piece of Heart,
Shark Island Cave,Shark Island Cave,Silver Rupee,Shark Island,Item,Shark Island Cave,Silver Rupee,
Cliff Plateau Isles Cave,Cliff Plateau Isles Cave,Joy Pendant,Cliff Plateau Isles,Item,Cliff Plateau Isles Cave,Joy Pendant,
Cliff Plateau Isles Highest Isle,Cliff Plateau Isles Highest Isle,Treasure Chart 25,Cliff Plateau Isles,Item,Cliff Plateau Isles Highest Isle,Treasure Chart 25,
Cliff Plateau Isles Lookout Platform,Cliff Plateau Isles Lookout Platform,Boko Baba Seed,Cliff Plateau Isles,Item,Cliff Plateau Isles Lookout Platform,Boko Baba Seed,
Crescent Moon Island Chest,Crescent Moon Island Chest,Treasure Chart 10,Crescent Moon Island,Item,Crescent Moon Island Chest,Treasure Chart 10,
Crescent Moon Island Submarine,Crescent Moon Island Submarine,Treasure Chart 9,Crescent Moon Island,Item,Crescent Moon Island Submarine,Treasure Chart 9,
Horseshoe Island Play Golf,Horseshoe Island Play Golf,Treasure Chart 28,Horseshoe Island,Item,Horseshoe Island Play Golf,Treasure Chart 28,
Horseshoe Island Cave,Horseshoe Island Cave,Treasure Chart 8,Horseshoe Island,Item,Horseshoe Island Cave,Treasure Chart 8,
Horseshoe Island Northwestern Lookout Platform,Horseshoe Island Northwestern Lookout Platform,Skull Necklace,Horseshoe Island,Item,Horseshoe Island Northwestern Lookout Platform,Skull Necklace,
Horseshoe Island Southeastern Lookout Platform,Horseshoe Island Southeastern Lookout Platform,Golden Feather,Horseshoe Island,Item,Horseshoe Island Southeastern Lookout Platform,Golden Feather,
Flight Control Platform BirdMan Contest First Prize,Flight Control Platform BirdMan Contest First Prize,Piece of Heart,Flight Control Platform,Item,Flight Control Platform BirdMan Contest First Prize,Piece of Heart,
Flight Control Platform BirdMan Contest Prize 2,,Purple Rupee,Flight Control Platform,Item,Flight Control Platform BirdMan Contest Prize 2,Purple Rupee,
Flight Control Platform Submarine,Flight Control Platform Submarine,Platform Chart,Flight Control Platform,Item,Flight Control Platform Submarine,Platform Chart,
Star Island Cave,Star Island Cave,Piece of Heart,Star Island,Item,Star Island Cave,Piece of Heart,
Star Island Lookout Platform,Star Island Lookout Platform,Golden Feather,Star Island,Item,Star Island Lookout Platform,Golden Feather,
Star Belt Archipelago Lookout Platform,Star Belt Archipelago Lookout Platform,Red Rupee,Star Belt Archipelago,Item,Star Belt Archipelago Lookout Platform,Red Rupee,
Five-Star Isles Lookout Platform Destroy the Cannons,Five-Star Isles Lookout Platform Destroy the Cannons,Golden Feather,Five-Star Isles,Item,Five-Star Isles Lookout Platform Destroy the Cannons,Golden Feather,
Five-Star Isles Raft,Five-Star Isles Raft,Red Rupee,Five-Star Isles,Item,Five-Star Isles Raft,Red Rupee,
Five-Star Isles Submarine,Five-Star Isles Submarine,Piece of Heart,Five-Star Isles,Item,Five-Star Isles Submarine,Piece of Heart,
Seven-Star Isles Center Lookout Platform,Seven-Star Isles Center Lookout Platform,Red Rupee,Seven-Star Isles,Item,Seven-Star Isles Center Lookout Platform,Red Rupee,
Seven-Star Isles Northern Lookout Platform,Seven-Star Isles Northern Lookout Platform,Golden Feather,Seven-Star Isles,Item,Seven-Star Isles Northern Lookout Platform,Golden Feather,
Seven-Star Isles Southern Lookout Platform,Seven-Star Isles Southern Lookout Platform,Treasure Chart 16,Seven-Star Isles,Item,Seven-Star Isles Southern Lookout Platform,Treasure Chart 16,
Seven-Star Isles Big Octo,Seven-Star Isles Big Octo,Piece of Heart,Seven-Star Isles,Item,Seven-Star Isles Big Octo,Piece of Heart,
Cyclops Reef Destroy the Cannons and Gunboats,Cyclops Reef Destroy the Cannons and Gunboats,Treasure Chart 21,Cyclops Reef,Item,Cyclops Reef Destroy the Cannons and Gunboats,Treasure Chart 21,
Cyclops Reef Lookout Platform Defeat the Enemies,Cyclops Reef Lookout Platform Defeat the Enemies,Golden Feather,Cyclops Reef,Item,Cyclops Reef Lookout Platform Defeat the Enemies,Golden Feather,
Two-Eye Reef Destroy the Cannons and Gunboats,Two-Eye Reef Destroy the Cannons and Gunboats,Treasure Chart 13,Two-Eye Reef,Item,Two-Eye Reef Destroy the Cannons and Gunboats,Treasure Chart 13,
Two-Eye Reef Lookout Platform,Two-Eye Reef Lookout Platform,Purple Rupee,Two-Eye Reef,Item,Two-Eye Reef Lookout Platform,Purple Rupee,
Two-Eye Reef Big Octo Great Fairy,Two-Eye Reef Big Octo Great Fairy,Magic Meter Upgrade,Two-Eye Reef,Item,Two-Eye Reef Big Octo Great Fairy,Magic Meter Upgrade,
Three-Eye Reef Destroy the Cannons and Gunboats,Three-Eye Reef Destroy the Cannons and Gunboats,Treasure Chart 32,Three-Eye Reef,Item,Three-Eye Reef Destroy the Cannons and Gunboats,Treasure Chart 32,
Four-Eye Reef Destroy the Cannons and Gunboats,Four-Eye Reef Destroy the Cannons and Gunboats,Treasure Chart 19,Four-Eye Reef,Item,Four-Eye Reef Destroy the Cannons and Gunboats,Treasure Chart 19,
Five-Eye Reef Destroy the Cannons,Five-Eye Reef Destroy the Cannons,Treasure Chart 41,Five-Eye Reef,Item,Five-Eye Reef Destroy the Cannons,Treasure Chart 41,
Five-Eye Reef Lookout Platform,Five-Eye Reef Lookout Platform,Golden Feather,Five-Eye Reef,Item,Five-Eye Reef Lookout Platform,Golden Feather,
Six-Eye Reef Destroy the Cannons and Gunboats,Six-Eye Reef Destroy the Cannons and Gunboats,Treasure Chart 26,Six-Eye Reef,Item,Six-Eye Reef Destroy the Cannons and Gunboats,Treasure Chart 26,
Six-Eye Reef Lookout Platform Destroy the Cannons,Six-Eye Reef Lookout Platform Destroy the Cannons,Skull Necklace,Six-Eye Reef,Item,Six-Eye Reef Lookout Platform Destroy the Cannons,Skull Necklace,
Six-Eye Reef Submarine,Six-Eye Reef Submarine,Piece of Heart,Six-Eye Reef,Item,Six-Eye Reef Submarine,Piece of Heart,
Forsaken Fortress Sunken Treasure,Treasure Chart 25 Sunken Treasure,Silver Rupee,Treasure Chart,Item,Forsaken Fortress Sunken Treasure,Silver Rupee,
Star Island Sunken Treasure,Treasure Chart 24 Sunken Treasure,Silver Rupee,Treasure Chart,Item,Star Island Sunken Treasure,Silver Rupee,
Northern Fairy Island Sunken Treasure,Treasure Chart 7 Sunken Treasure,Silver Rupee,Treasure Chart,Item,Northern Fairy Island Sunken Treasure,Silver Rupee,
Gale Isle Sunken Treasure,Triforce Chart 2 Sunken Treasure,Triforce Shard 2,Treasure Chart,Item,Gale Isle Sunken Treasure,Triforce Shard 2,
Crescent Moon Island Sunken Treasure,Treasure Chart 11 Sunken Treasure,Piece of Heart,Treasure Chart,Item,Crescent Moon Island Sunken Treasure,Piece of Heart,
Seven-Star Isles Sunken Treasure,Triforce Chart 7 Sunken Treasure,Triforce Shard 7,Treasure Chart,Item,Seven-Star Isles Sunken Treasure,Triforce Shard 7,
Overlook Island Sunken Treasure,Treasure Chart 13 Sunken Treasure,Secret Cave Chart,Treasure Chart,Item,Overlook Island Sunken Treasure,Secret Cave Chart,
Four-Eye Reef Sunken Treasure,Treasure Chart 41 Sunken Treasure,Great Fairy Chart,Treasure Chart,Item,Four-Eye Reef Sunken Treasure,Great Fairy Chart,
Mother and Child Isles Sunken Treasure,Treasure Chart 29 Sunken Treasure,Silver Rupee,Treasure Chart,Item,Mother and Child Isles Sunken Treasure,Silver Rupee,
Spectacle Island Sunken Treasure,Treasure Chart 22 Sunken Treasure,Silver Rupee,Treasure Chart,Item,Spectacle Island Sunken Treasure,Silver Rupee,
Windfall Island Sunken Treasure,Treasure Chart 18 Sunken Treasure,Green Rupee,Treasure Chart,Item,Windfall Island Sunken Treasure,Green Rupee,
Pawprint Isle Sunken Treasure,Treasure Chart 30 Sunken Treasure,Piece of Heart,Treasure Chart,Item,Pawprint Isle Sunken Treasure,Piece of Heart,
Dragon Roost Island Sunken Treasure,Treasure Chart 39 Sunken Treasure,Silver Rupee,Treasure Chart,Item,Dragon Roost Island Sunken Treasure,Silver Rupee,
Flight Control Platform Sunken Treasure,Treasure Chart 19 Sunken Treasure,Island Hearts Chart,Treasure Chart,Item,Flight Control Platform Sunken Treasure,Island Hearts Chart,
Western Fairy Island Sunken Treasure,Treasure Chart 8 Sunken Treasure,Silver Rupee,Treasure Chart,Item,Western Fairy Island Sunken Treasure,Silver Rupee,
Rock Spire Isle Sunken Treasure,Treasure Chart 2 Sunken Treasure,Piece of Heart,Treasure Chart,Item,Rock Spire Isle Sunken Treasure,Piece of Heart,
Tingle Island Sunken Treasure,Treasure Chart 10 Sunken Treasure,Silver Rupee,Treasure Chart,Item,Tingle Island Sunken Treasure,Silver Rupee,
Northern Triangle Island Sunken Treasure,Treasure Chart 26 Sunken Treasure,Octo Chart,Treasure Chart,Item,Northern Triangle Island Sunken Treasure,Octo Chart,
Eastern Fairy Island Sunken Treasure,Treasure Chart 3 Sunken Treasure,Silver Rupee,Treasure Chart,Item,Eastern Fairy Island Sunken Treasure,Silver Rupee,
Fire Mountain Sunken Treasure,Treasure Chart 37 Sunken Treasure,Silver Rupee,Treasure Chart,Item,Fire Mountain Sunken Treasure,Silver Rupee,
Star Belt Archipelago Sunken Treasure,Treasure Chart 27 Sunken Treasure,Silver Rupee,Treasure Chart,Item,Star Belt Archipelago Sunken Treasure,Silver Rupee,
Three-Eye Reef Sunken Treasure,Treasure Chart 38 Sunken Treasure,Piece of Heart,Treasure Chart,Item,Three-Eye Reef Sunken Treasure,Piece of Heart,
Greatfish Isle Sunken Treasure,Triforce Chart 1 Sunken Treasure,Triforce Shard 1,Treasure Chart,Item,Greatfish Isle Sunken Treasure,Triforce Shard 1,
Cyclops Reef Sunken Treasure,Treasure Chart 21 Sunken Treasure,Light Ring Chart,Treasure Chart,Item,Cyclops Reef Sunken Treasure,Light Ring Chart,
Six-Eye Reef Sunken Treasure,Treasure Chart 6 Sunken Treasure,Silver Rupee,Treasure Chart,Item,Six-Eye Reef Sunken Treasure,Silver Rupee,
Tower of the Gods Sunken Treasure,Treasure Chart 14 Sunken Treasure,Silver Rupee,Treasure Chart,Item,Tower of the Gods Sunken Treasure,Silver Rupee,
Eastern Triangle Island Sunken Treasure,Treasure Chart 34 Sunken Treasure,Silver Rupee,Treasure Chart,Item,Eastern Triangle Island Sunken Treasure,Silver Rupee,
Thorned Fairy Island Sunken Treasure,Treasure Chart 5 Sunken Treasure,Piece of Heart,Treasure Chart,Item,Thorned Fairy Island Sunken Treasure,Piece of Heart,
Needle Rock Isle Sunken Treasure,Treasure Chart 28 Sunken Treasure,Silver Rupee,Treasure Chart,Item,Needle Rock Isle Sunken Treasure,Silver Rupee,
Islet of Steel Sunken Treasure,Treasure Chart 35 Sunken Treasure,Silver Rupee,Treasure Chart,Item,Islet of Steel Sunken Treasure,Silver Rupee,
Stone Watcher Island Sunken Treasure,Triforce Chart 3 Sunken Treasure,Triforce Shard 3,Treasure Chart,Item,Stone Watcher Island Sunken Treasure,Triforce Shard 3,
Southern Triangle Island Sunken Treasure,Triforce Chart 6 Sunken Treasure,Triforce Shard 6,Treasure Chart,Item,Southern Triangle Island Sunken Treasure,Triforce Shard 6,
Private Oasis Sunken Treasure,Treasure Chart 1 Sunken Treasure,Silver Rupee,Treasure Chart,Item,Private Oasis Sunken Treasure,Silver Rupee,
Bomb Island Sunken Treasure,Treasure Chart 20 Sunken Treasure,Piece of Heart,Treasure Chart,Item,Bomb Island Sunken Treasure,Piece of Heart,
Bird's Peak Rock Sunken Treasure,Treasure Chart 36  Sunken Treasure,Silver Rupee,Treasure Chart,Item,Bird's Peak Rock Sunken Treasure,Silver Rupee,
Diamond Steppe Island Sunken Treasure,Treasure Chart 23 Sunken Treasure,Piece of Heart,Treasure Chart,Item,Diamond Steppe Island Sunken Treasure,Piece of Heart,
Five-Eye Reef Sunken Treasure,Treasure Chart 12 Sunken Treasure,Silver Rupee,Treasure Chart,Item,Five-Eye Reef Sunken Treasure,Silver Rupee,
Shark Island Sunken Treasure,Treasure Chart 16 Sunken Treasure,Silver Rupee,Treasure Chart,Item,Shark Island Sunken Treasure,Silver Rupee,
Southern Fairy Island Sunken Treasure,Treasure Chart 4 Sunken Treasure,Piece of Heart,Treasure Chart,Item,Southern Fairy Island Sunken Treasure,Piece of Heart,
Ice Ring Isle Sunken Treasure,Treasure Chart 17 Sunken Treasure,Silver Rupee,Treasure Chart,Item,Ice Ring Isle Sunken Treasure,Silver Rupee,
Forest Haven Sunken Treasure,Treasure Chart 31 Sunken Treasure,Piece of Heart,Treasure Chart,Item,Forest Haven Sunken Treasure,Piece of Heart,
Cliff Plateau Isles Sunken Treasure,Triforce Chart 5 Sunken Treasure,Triforce Shard 5,Treasure Chart,Item,Cliff Plateau Isles Sunken Treasure,Triforce Shard 5,
Horseshoe Island Sunken Treasure,Treasure Chart 9 Sunken Treasure,Silver Rupee,Treasure Chart,Item,Horseshoe Island Sunken Treasure,Silver Rupee,
Outset Island Sunken Treasure,Triforce Chart 4 Sunken Treasure,Triforce Shard 4,Treasure Chart,Item,Outset Island Sunken Treasure,Triforce Shard 4,
Headstone Island Sunken Treasure,Treasure Chart 40 Sunken Treasure,Silver Rupee,Treasure Chart,Item,Headstone Island Sunken Treasure,Silver Rupee,
Two-Eye Reef Sunken Treasure,Triforce Chart 8 Sunken Treasure,Triforce Shard 8,Treasure Chart,Item,Two-Eye Reef Sunken Treasure,Triforce Shard 8,
Angular Isles Sunken Treasure,Treasure Chart 15 Sunken Treasure,Piece of Heart,Treasure Chart,Item,Angular Isles Sunken Treasure,Piece of Heart,
Boating Course Sunken Treasure,Treasure Chart 32 Sunken Treasure,Sea Hearts Chart,Treasure Chart,Item,Boating Course Sunken Treasure,Sea Hearts Chart,
Five-Star Isles Sunken Treasure,Treasure Chart 33 Sunken Treasure,Piece of Heart,Treasure Chart,Item,Five-Star Isles Sunken Treasure,Piece of Heart,
Dungeon Entrance On Dragon Roost Island,Dragon Roost Cavern,Dragon Roost Cavern,Dragon Roost Island,Dungeon Entrance,Dungeon Entrance On Dragon Roost Island,Dragon Roost Cavern,
Dungeon Entrance In Forest Haven Sector,Forbidden Woods,Forbidden Woods,Forest Haven,Dungeon Entrance,Dungeon Entrance In Forest Haven Sector,Forbidden Woods,
Dungeon Entrance In Tower of the Gods Sector,Tower of the Gods,Tower of the Gods,Tower of the Gods,Dungeon Entrance,Dungeon Entrance In Tower of the Gods Sector,Tower of the Gods,
Dungeon Entrance On Headstone Island,Earth Temple,Earth Temple,Headstone Island,Dungeon Entrance,Dungeon Entrance On Headstone Island,Earth Temple,
Dungeon Entrance On Gale Isle,Wind Temple,Wind Temple,Gale Isle,Dungeon Entrance,Dungeon Entrance On Gale Isle,Wind Temple,
Secret Cave Entrance on Outset Island,Savage Labyrinth,Savage Labyrinth,Outset Island,Dungeon Entrance,Secret Cave Entrance on Outset Island,Savage Labyrinth,
Secret Cave Entrance on Dragon Roost Island,Dragon Roost Island Secret Cave,Dragon Roost Island Secret Cave,Dragon Roost Island,Dungeon Entrance,Secret Cave Entrance on Dragon Roost Island,Dragon Roost Island Secret Cave,
Secret Cave Entrance on Fire Mountain,Fire Mountain Secret Cave,Fire Mountain Secret Cave,Fire Mountain,Dungeon Entrance,Secret Cave Entrance on Fire Mountain,Fire Mountain Secret Cave,
Secret Cave Entrance on Ice Ring Isle,Ice Ring Isle Secret Cave,Ice Ring Isle Secret Cave,Ice Ring Isle,Dungeon Entrance,Secret Cave Entrance on Ice Ring Isle,Ice Ring Isle Secret Cave,
Secret Cave Entrance on Private Oasis,Cabana Labyrinth,Cabana Labyrinth,Private Oasis,Dungeon Entrance,Secret Cave Entrance on Private Oasis,Cabana Labyrinth,
Secret Cave Entrance on Needle Rock Isle,Needle Rock Isle Secret Cave,Needle Rock Isle Secret Cave,Needle Rock Isle,Dungeon Entrance,Secret Cave Entrance on Needle Rock Isle,Needle Rock Isle Secret Cave,
Secret Cave Entrance on Angular Isles,Angular Isles Secret Cave,Angular Isles Secret Cave,Angular Isles,Dungeon Entrance,Secret Cave Entrance on Angular Isles,Angular Isles Secret Cave,
Secret Cave Entrance on Boating Course,Boating Course Secret Cave,Boating Course Secret Cave,Boating Course,Dungeon Entrance,Secret Cave Entrance on Boating Course,Boating Course Secret Cave,
Secret Cave Entrance on Stone Watcher Island,Stone Watcher Island Secret Cave,Stone Watcher Island Secret Cave,Stone Watcher Island,Dungeon Entrance,Secret Cave Entrance on Stone Watcher Island,Stone Watcher Island Secret Cave,
Secret Cave Entrance on Overlook Island,Overlook Island Secret Cave,Overlook Island Secret Cave,Overlook Island,Dungeon Entrance,Secret Cave Entrance on Overlook Island,Overlook Island Secret Cave,
Secret Cave Entrance on Bird's Peak Rock,Bird's Peak Rock Secret Cave,Bird's Peak Rock Secret Cave,Bird's Peak Rock,Dungeon Entrance,Secret Cave Entrance on Birds Peak Rock,Bird's Peak Rock Secret Cave,
Secret Cave Entrance on Pawprint Isle,Pawprint Isle Chuchu Cave,Pawprint Isle Chuchu Cave,Pawprint Isle,Dungeon Entrance,Secret Cave Entrance on Pawprint Isle,Pawprint Isle Chuchu Cave,
Secret Cave Entrance on Pawprint Isle Side Isle,Pawprint Isle Wizzrobe Cave,Pawprint Isle Wizzrobe Cave,Pawprint Isle,Dungeon Entrance,Secret Cave Entrance on Pawprint Isle Side Isle,Pawprint Isle Wizzrobe Cave,
Secret Cave Entrance on Diamond Steppe Island,Diamond Steppe Island Warp Maze Cave,Diamond Steppe Island Warp Maze Cave,Diamond Steppe Island,Dungeon Entrance,Secret Cave Entrance on Diamond Steppe Island,Diamond Steppe Island Warp Maze Cave,
Secret Cave Entrance on Bomb Island,Bomb Island Secret Cave,Bomb Island Secret Cave,Bomb Island,Dungeon Entrance,Secret Cave Entrance on Bomb Island,Bomb Island Secret Cave,
Secret Cave Entrance on Rock Spire Isle,Rock Spire Isle Secret Cave,Rock Spire Isle Secret Cave,Rock Spire Isle,Dungeon Entrance,Secret Cave Entrance on Rock Spire Isle,Rock Spire Isle Secret Cave,
Secret Cave Entrance on Shark Island,Shark Island Secret Cave,Shark Island Secret Cave,Shark Island,Dungeon Entrance,Secret Cave Entrance on Shark Island,Shark Island Secret Cave,
Secret Cave Entrance on Cliff Plateau Isles,Cliff Plateau Isles Secret Cave,Cliff Plateau Isles Secret Cave,Cliff Plateau Isles,Dungeon Entrance,Secret Cave Entrance on Cliff Plateau Isles,Cliff Plateau Isles Secret Cave,
Secret Cave Entrance on Horseshoe Island,Horseshoe Island Secret Cave,Horseshoe Island Secret Cave,Horseshoe Island,Dungeon Entrance,Secret Cave Entrance on Horseshoe Island,Horseshoe Island Secret Cave,
Secret Cave Entrance on Star Island,Star Island Secret Cave,Star Island Secret Cave,Star Island,Dungeon Entrance,Secret Cave Entrance on Star Island,Star Island Secret Cave,
Extra Bait 1,,Hyoi Pear,Extra,Item,Extra Bait 1,Hyoi Pear,
Extra Bait 2,,Hyoi Pear,Extra,Item,Extra Bait 2,Hyoi Pear,
Extra Bait 3,,Hyoi Pear,Extra,Item,Extra Bait 3,Hyoi Pear,
Extra Bait 4,,Hyoi Pear,Extra,Item,Extra Bait 4,Hyoi Pear,
Extra Bait 5,,All-Purpose Bait,Extra,Item,Extra Bait 5,All-Purpose Bait,
Extra Bait 6,,All-Purpose Bait,Extra,Item,Extra Bait 6,All-Purpose Bait,
Extra Bait 7,,All-Purpose Bait,Extra,Item,Extra Bait 7,All-Purpose Bait,
Extra Bait 8,,All-Purpose Bait,Extra,Item,Extra Bait 8,All-Purpose Bait,
Extra Rupee 1,,Blue Rupee,Extra,Item,Extra Rupee 1,Blue Rupee,
Extra Rupee 2,,Blue Rupee,Extra,Item,Extra Rupee 2,Blue Rupee,
Extra Rupee 3,,Blue Rupee,Extra,Item,Extra Rupee 3,Blue Rupee,
Extra Rupee 4,,Blue Rupee,Extra,Item,Extra Rupee 4,Blue Rupee,
Extra Rupee 5,,Yellow Rupee,Extra,Item,Extra Rupee 5,Yellow Rupee,
Extra Rupee 6,,Yellow Rupee,Extra,Item,Extra Rupee 6,Yellow Rupee,
Extra Rupee 7,,Yellow Rupee,Extra,Item,Extra Rupee 7,Yellow Rupee,
Extra Rupee 8,,Yellow Rupee,Extra,Item,Extra Rupee 8,Yellow Rupee,
Extra Rupee 9,,Orange Rupee,Extra,Item,Extra Rupee 9,Orange Rupee,
Extra Rupee 10,,Orange Rupee,Extra,Item,Extra Rupee 10,Orange Rupee,
Extra Rupee 11,,Orange Rupee,Extra,Item,Extra Rupee 11,Orange Rupee,
Extra Rupee 12,,Orange Rupee,Extra,Item,Extra Rupee 12,Orange Rupee,
Extra Rupee 13,,Orange Rupee,Extra,Item,Extra Rupee 13,Orange Rupee,
Extra Rupee 14,,Orange Rupee,Extra,Item,Extra Rupee 14,Orange Rupee,
Extra Rupee 15,,Orange Rupee,Extra,Item,Extra Rupee 15,Orange Rupee,
Extra Rupee 16,,Orange Rupee,Extra,Item,Extra Rupee 16,Orange Rupee,
Extra Rupee 17,,Orange Rupee,Extra,Item,Extra Rupee 17,Orange Rupee,
Extra Rupee 18,,Orange Rupee,Extra,Item,Extra Rupee 18,Orange Rupee,
Extra Rupee 19,,Purple Rupee,Extra,Item,Extra Rupee 19,Purple Rupee,
Extra Rupee 20,,Purple Rupee,Extra,Item,Extra Rupee 20,Purple Rupee,
Extra Rupee 21,,Purple Rupee,Extra,Item,Extra Rupee 21,Purple Rupee,
Extra Rupee 22,,Purple Rupee,Extra,Item,Extra Rupee 22,Purple Rupee,
Extra Rupee 23,,Purple Rupee,Extra,Item,Extra Rupee 23,Purple Rupee,
Extra Rupee 24,,Purple Rupee,Extra,Item,Extra Rupee 24,Purple Rupee,
Extra Rupee 25,,Purple Rupee,Extra,Item,Extra Rupee 25,Purple Rupee,
Extra Rupee 26,,Purple Rupee,Extra,Item,Extra Rupee 26,Purple Rupee,
Extra Rupee 27,,Purple Rupee,Extra,Item,Extra Rupee 27,Purple Rupee,
Extra Rupee 28,,Purple Rupee,Extra,Item,Extra Rupee 28,Purple Rupee,
Extra Spoiles 1,,Knight's Crest,Extra,Item,Extra Spoiles 1,Knight's Crest,
Extra Spoiles 2,,Knight's Crest,Extra,Item,Extra Spoiles 2,Knight's Crest,
Extra Spoiles 3,,Knight's Crest,Extra,Item,Extra Spoiles 3,Knight's Crest,
Extra Spoiles 4,,Knight's Crest,Extra,Item,Extra Spoiles 4,Knight's Crest,
Extra Spoiles 5,,Skull Necklace,Extra,Item,Extra Spoiles 5,Skull Necklace,
Extra Spoiles 6,,Skull Necklace,Extra,Item,Extra Spoiles 6,Skull Necklace,
Extra Spoiles 7,,Skull Necklace,Extra,Item,Extra Spoiles 7,Skull Necklace,
Extra Spoiles 8,,Skull Necklace,Extra,Item,Extra Spoiles 8,Skull Necklace,
Extra Spoiles 9,,Red Chu Jelly,Extra,Item,Extra Spoiles 9,Red Chu Jelly,
Extra Spoiles 10,,Red Chu Jelly,Extra,Item,Extra Spoiles 10,Red Chu Jelly,
Extra Spoiles 11,,Red Chu Jelly,Extra,Item,Extra Spoiles 11,Red Chu Jelly,
Extra Spoiles 12,,Red Chu Jelly,Extra,Item,Extra Spoiles 12,Red Chu Jelly,
Extra Spoiles 13,,Green Chu Jelly,Extra,Item,Extra Spoiles 13,Green Chu Jelly,
Extra Spoiles 14,,Green Chu Jelly,Extra,Item,Extra Spoiles 14,Green Chu Jelly,
Extra Spoiles 15,,Green Chu Jelly,Extra,Item,Extra Spoiles 15,Green Chu Jelly,
Extra Spoiles 16,,Green Chu Jelly,Extra,Item,Extra Spoiles 16,Green Chu Jelly,
Extra Spoiles 17,,Joy Pendant,Extra,Item,Extra Spoiles 17,Joy Pendant,
Extra Spoiles 18,,Joy Pendant,Extra,Item,Extra Spoiles 18,Joy Pendant,
Extra Spoiles 19,,Joy Pendant,Extra,Item,Extra Spoiles 19,Joy Pendant,
Extra Spoiles 20,,Joy Pendant,Extra,Item,Extra Spoiles 20,Joy Pendant,
SettingSwordMode,Sword Mode,,%Settings%,SettingSwordMode,SettingSwordMode,SettingSwordMode,
SettingSwordModeStartWith,,Start With Sword,%Settings%,SettingSwordMode,SettingSwordModeStartWith,SettingSwordModeStartWith,
SettingSwordModeRandomized,,Randomized Sword,%Settings%,SettingSwordMode,SettingSwordModeRandomized,SettingSwordModeRandomized,
SettingSwordModeSwordless,,Swordless,%Settings%,SettingSwordMode,SettingSwordModeSwordless,SettingSwordModeSwordless,
SettingRemachBossesSkipped,Skip Boss Rematches,,%Settings%,SettingRemachBossesSkipped,SettingRemachBossesSkipped,SettingRemachBossesSkipped,
SettingRemachBossesSkippedTrue,,TRUE,%Settings%,SettingRemachBossesSkipped,SettingRemachBossesSkippedTrue,SettingRemachBossesSkippedTrue,
SettingRemachBossesSkippedFalse,,FALSE,%Settings%,SettingRemachBossesSkipped,SettingRemachBossesSkippedFalse,SettingRemachBossesSkippedFalse,
